Received_Time_ms;Send_Time_ms;Delay_ms;Furnace_ID;Seq_Num;Payload_Bytes
1761895300000;1761920513000;-25213000;furnace1;1;48
1761895300145;1761920513000;-25212855;furnace1;2;52
1761895300786;1761920513000;-25212214;furnace1;5;53
1761895301473;1761920514000;-25212527;furnace1;6;48
1761895301537;1761920514000;-25212463;furnace1;7;52
1761895302038;1761920514000;-25211962;furnace1;10;54
1761895302956;1761920516000;-25213044;furnace1;11;49
1761895303003;1761920516000;-25212997;furnace1;12;53
1761895304218;1761920516000;-25211782;furnace1;15;54
1761895304571;1761920517000;-25212429;furnace1;16;49
1761895304846;1761920517000;-25212154;furnace1;17;53
1761895305218;1761920517000;-25211782;furnace1;20;54
1761895306039;1761920519000;-25212961;furnace1;21;49
1761895306500;1761920519000;-25212500;furnace1;22;53
1761895306503;1761920519000;-25212497;furnace1;25;54
1761895307464;1761920520000;-25212536;furnace1;26;49
1761895307573;1761920520000;-25212427;furnace1;27;53
1761895308165;1761920520000;-25211835;furnace1;30;54
1761895308894;1761920522000;-25213106;furnace1;31;51
1761895309037;1761920522000;-25212963;furnace1;32;55
1761895309480;1761920522000;-25212520;furnace1;35;54
1761895310414;1761920523000;-25212586;furnace1;36;51
1761895310570;1761920523000;-25212430;furnace1;37;55
1761895310950;1761920523000;-25212050;furnace1;40;54
1761895311967;1761920525000;-25213033;furnace1;41;51
1761895312178;1761920525000;-25212822;furnace1;42;55
1761895312484;1761920525000;-25212516;furnace1;45;54
1761895313532;1761920526000;-25212468;furnace1;46;51
1761895313594;1761920526000;-25212406;furnace1;47;55
1761895314007;1761920526000;-25211993;furnace1;50;54
1761895315044;1761920528000;-25212956;furnace1;51;51
1761895315118;1761920528000;-25212882;furnace1;52;55
1761895315516;1761920528000;-25212484;furnace1;55;54
1761895316484;1761920529000;-25212516;furnace1;56;51
1761895316590;1761920529000;-25212410;furnace1;57;55
1761895316990;1761920529000;-25212010;furnace1;60;54
1761895318029;1761920531000;-25212971;furnace1;61;51
1761895318246;1761920531000;-25212754;furnace1;62;55
1761895318543;1761920531000;-25212457;furnace1;65;54
1761895319554;1761920532000;-25212446;furnace1;66;51
1761895319603;1761920532000;-25212397;furnace1;67;55
1761895320056;1761920532000;-25211944;furnace1;70;54
1761895321081;1761920534000;-25212919;furnace1;71;51
1761895321122;1761920534000;-25212878;furnace1;72;55
1761895321525;1761920534000;-25212475;furnace1;75;54
1761895323030;1761920535000;-25211970;furnace1;76;51
1761895323088;1761920535000;-25211912;furnace1;77;55
1761895323547;1761920535000;-25211453;furnace1;80;54
1761895324154;1761920537000;-25212846;furnace1;81;49
1761895324361;1761920537000;-25212639;furnace1;82;53
1761895324773;1761920537000;-25212227;furnace1;85;54
1761895325690;1761920538000;-25212310;furnace1;86;49
1761895325738;1761920538000;-25212262;furnace1;87;53
1761895326134;1761920538000;-25211866;furnace1;90;54
1761895327208;1761920540000;-25212792;furnace1;91;49
1761895327247;1761920540000;-25212753;furnace1;92;53
1761895327645;1761920540000;-25212355;furnace1;95;54
1761895328657;1761920541000;-25212343;furnace1;96;49
1761895328767;1761920541000;-25212233;furnace1;97;53
1761895329161;1761920541000;-25211839;furnace1;100;55
1761895330155;1761920543000;-25212845;furnace1;101;50
1761895330303;1761920543000;-25212697;furnace1;102;54
1761895330688;1761920543000;-25212312;furnace1;105;55
1761895331666;1761920544000;-25212334;furnace1;106;50
1761895331801;1761920544000;-25212199;furnace1;107;54
1761895332197;1761920544000;-25211803;furnace1;110;55
1761895333267;1761920546000;-25212733;furnace1;111;50
1761895333303;1761920546000;-25212697;furnace1;112;54
1761895333705;1761920546000;-25212295;furnace1;115;55
1761895334703;1761920547000;-25212297;furnace1;116;50
1761895334808;1761920547000;-25212192;furnace1;117;54
1761895335207;1761920547000;-25211793;furnace1;120;55
1761895336235;1761920549000;-25212765;furnace1;121;50
1761895336330;1761920549000;-25212670;furnace1;122;54
1761895336727;1761920549000;-25212273;furnace1;125;55
1761895338333;1761920550000;-25211667;furnace1;126;50
1761895338333;1761920550000;-25211667;furnace1;127;54
1761895338603;1761920550000;-25211397;furnace1;130;55
1761895339425;1761920552000;-25212575;furnace1;131;50
1761895339426;1761920552000;-25212574;furnace1;132;54
1761895339759;1761920552000;-25212241;furnace1;135;55
1761895340947;1761920554000;-25213053;furnace1;136;50
1761895340948;1761920554000;-25213052;furnace1;137;54
1761895341272;1761920554000;-25212728;furnace1;140;55
1761895342391;1761920555000;-25212609;furnace1;141;50
1761895342575;1761920555000;-25212425;furnace1;142;54
1761895342809;1761920555000;-25212191;furnace1;145;55
1761895343817;1761920557000;-25213183;furnace1;146;50
1761895343909;1761920557000;-25213091;furnace1;147;54
1761895344342;1761920557000;-25212658;furnace1;150;55
1761895345355;1761920558000;-25212645;furnace1;151;50
1761895345668;1761920558000;-25212332;furnace1;152;54
1761895345907;1761920558000;-25212093;furnace1;155;55
1761895346889;1761920560000;-25213111;furnace1;156;50
1761895346946;1761920560000;-25213054;furnace1;157;54
1761895347393;1761920560000;-25212607;furnace1;160;55
1761895348597;1761920561000;-25212403;furnace1;161;50
1761895348597;1761920561000;-25212403;furnace1;162;54
1761895348849;1761920561000;-25212151;furnace1;165;55
1761895349864;1761920563000;-25213136;furnace1;166;50
1761895349962;1761920563000;-25213038;furnace1;167;54
1761895350365;1761920563000;-25212635;furnace1;170;55
1761895351363;1761920564000;-25212637;furnace1;171;50
1761895351486;1761920564000;-25212514;furnace1;172;54
1761895351919;1761920564000;-25212081;furnace1;175;55
1761895352940;1761920566000;-25213060;furnace1;176;50
1761895353002;1761920566000;-25212998;furnace1;177;54
1761895353402;1761920566000;-25212598;furnace1;180;55
1761895354387;1761920567000;-25212613;furnace1;181;50
1761895354516;1761920567000;-25212484;furnace1;182;54
1761895354918;1761920567000;-25212082;furnace1;185;55
1761895355909;1761920569000;-25213091;furnace1;186;50
1761895356039;1761920569000;-25212961;furnace1;187;54
1761895356437;1761920569000;-25212563;furnace1;190;55
1761895357440;1761920570000;-25212560;furnace1;191;50
1761895357542;1761920570000;-25212458;furnace1;192;54
1761895357942;1761920570000;-25212058;furnace1;195;55
1761895358976;1761920572000;-25213024;furnace1;196;50
1761895359045;1761920572000;-25212955;furnace1;197;54
1761895359445;1761920572000;-25212555;furnace1;200;55
1761895367884;1761920581000;-25213116;furnace1;201;50
1761895367982;1761920581000;-25213018;furnace1;202;54
1761895368388;1761920581000;-25212612;furnace1;205;55
1761895370445;1761920583000;-25212555;furnace1;206;50
1761895370512;1761920583000;-25212488;furnace1;207;54
1761895370915;1761920583000;-25212085;furnace1;210;55
1761895371979;1761920584000;-25212021;furnace1;211;50
1761895372032;1761920584000;-25211968;furnace1;212;54
1761895372436;1761920584000;-25211564;furnace1;215;55
1761895373420;1761920585000;-25211580;furnace1;216;50
1761895373549;1761920585000;-25211451;furnace1;217;54
1761895374009;1761920585000;-25210991;furnace1;220;55
1761895374961;1761920587000;-25212039;furnace1;221;50
1761895375055;1761920587000;-25211945;furnace1;222;54
1761895375928;1761920587000;-25211072;furnace1;225;55
1761895376486;1761920588000;-25211514;furnace1;226;50
1761895376571;1761920588000;-25211429;furnace1;227;54
1761895376974;1761920588000;-25211026;furnace1;230;52
1761895377947;1761920590000;-25212053;furnace1;231;50
1761895378076;1761920590000;-25211924;furnace1;232;54
1761895378539;1761920590000;-25211461;furnace1;235;55
1761895379557;1761920591000;-25211443;furnace1;236;50
1761895379581;1761920591000;-25211419;furnace1;237;54
1761895379982;1761920591000;-25211018;furnace1;240;55
1761895381006;1761920593000;-25211994;furnace1;241;50
1761895381100;1761920593000;-25211900;furnace1;242;54
1761895381502;1761920593000;-25211498;furnace1;245;55
1761895382530;1761920594000;-25211470;furnace1;246;50
1761895382606;1761920594000;-25211394;furnace1;247;54
1761895383091;1761920594000;-25210909;furnace1;250;55
1761895384067;1761920596000;-25211933;furnace1;251;50
1761895384206;1761920596000;-25211794;furnace1;252;54
1761895384536;1761920596000;-25211464;furnace1;255;55
1761895386422;1761920597000;-25210578;furnace1;260;55
1761895386422;1761920597000;-25210578;furnace1;257;54
1761895386422;1761920597000;-25210578;furnace1;256;50
1761895387032;1761920599000;-25211968;furnace1;261;50
1761895387133;1761920599000;-25211867;furnace1;262;54
1761895387536;1761920599000;-25211464;furnace1;265;55
1761895388672;1761920600000;-25211328;furnace1;266;50
1761895388673;1761920600000;-25211327;furnace1;267;54
1761895389039;1761920600000;-25210961;furnace1;270;55
1761895390240;1761920602000;-25211760;furnace1;272;54
1761895390237;1761920602000;-25211763;furnace1;271;50
1761895390555;1761920602000;-25211445;furnace1;275;55
1761895391537;1761920603000;-25211463;furnace1;276;50
1761895391661;1761920603000;-25211339;furnace1;277;54
1761895392157;1761920603000;-25210843;furnace1;280;55
1761895393074;1761920605000;-25211926;furnace1;281;50
1761895393165;1761920605000;-25211835;furnace1;282;54
1761895393568;1761920605000;-25211432;furnace1;285;55
1761895394576;1761920606000;-25211424;furnace1;286;50
1761895394727;1761920606000;-25211273;furnace1;287;54
1761895395069;1761920606000;-25210931;furnace1;290;55
1761895396149;1761920608000;-25211851;furnace1;291;50
1761895396187;1761920608000;-25211813;furnace1;292;54
1761895396591;1761920608000;-25211409;furnace1;295;55
1761895397564;1761920609000;-25211436;furnace1;296;50
1761895397693;1761920609000;-25211307;furnace1;297;54
1761895398096;1761920609000;-25210904;furnace1;300;55
1761895399222;1761920611000;-25211778;furnace1;301;50
1761895399349;1761920611000;-25211651;furnace1;302;54
1761895399755;1761920611000;-25211245;furnace1;305;55
1761895400756;1761920613000;-25212244;furnace1;306;50
1761895400868;1761920613000;-25212132;furnace1;307;54
1761895401268;1761920613000;-25211732;furnace1;310;55
1761895402291;1761920614000;-25211709;furnace1;311;50
1761895402384;1761920614000;-25211616;furnace1;312;54
1761895402787;1761920614000;-25211213;furnace1;315;55
1761895403838;1761920616000;-25212162;furnace1;316;50
1761895403903;1761920616000;-25212097;furnace1;317;54
1761895404347;1761920616000;-25211653;furnace1;320;55
1761895405363;1761920617000;-25211637;furnace1;321;50
1761895405432;1761920617000;-25211568;furnace1;322;54
1761895405829;1761920617000;-25211171;furnace1;325;55
1761895406801;1761920619000;-25212199;furnace1;326;50
1761895406930;1761920619000;-25212070;furnace1;327;54
1761895407346;1761920619000;-25211654;furnace1;330;55
1761895408434;1761920620000;-25211566;furnace1;331;50
1761895408552;1761920620000;-25211448;furnace1;332;54
1761895408957;1761920620000;-25211043;furnace1;335;55
1761895409975;1761920622000;-25212025;furnace1;336;50
1761895410057;1761920622000;-25211943;furnace1;337;54
1761895410463;1761920622000;-25211537;furnace1;340;55
1761895411615;1761920623000;-25211385;furnace1;341;50
1761895411616;1761920623000;-25211384;furnace1;342;54
1761895411987;1761920623000;-25211013;furnace1;345;55
1761895413151;1761920625000;-25211849;furnace1;346;50
1761895413237;1761920625000;-25211763;furnace1;347;54
1761895414971;1761920625000;-25210029;furnace1;350;55
1761895414971;1761920626000;-25211029;furnace1;351;50
1761895414971;1761920626000;-25211029;furnace1;352;54
1761895415169;1761920626000;-25210831;furnace1;355;55
1761895416322;1761920628000;-25211678;furnace1;356;50
1761895416381;1761920628000;-25211619;furnace1;357;54
1761895416535;1761920628000;-25211465;furnace1;360;55
1761895417555;1761920629000;-25211445;furnace1;361;50
1761895419113;1761920629000;-25209887;furnace1;362;54
1761895419660;1761920629000;-25209340;furnace1;365;55
1761895419659;1761920631000;-25211341;furnace1;366;50
1761895419680;1761920631000;-25211320;furnace1;367;54
1761895419680;1761920631000;-25211320;furnace1;370;55
1761895420669;1761920632000;-25211331;furnace1;371;50
1761895420975;1761920632000;-25211025;furnace1;372;54
1761895421168;1761920632000;-25210832;furnace1;375;55
1761895423696;1761920634000;-25210304;furnace1;377;54
1761895423695;1761920634000;-25210305;furnace1;376;50
1761895424159;1761920634000;-25209841;furnace1;380;55
1761895424160;1761920635000;-25210840;furnace1;381;50
1761895424874;1761920635000;-25210126;furnace1;382;54
1761895424875;1761920635000;-25210125;furnace1;385;55
1761895427622;1761920637000;-25209378;furnace1;387;54
1761895427622;1761920638000;-25210378;furnace1;391;50
1761895427622;1761920637000;-25209378;furnace1;386;50
1761895427624;1761920637000;-25209376;furnace1;390;55
1761895427623;1761920638000;-25210377;furnace1;392;54
1761895427624;1761920638000;-25210376;furnace1;395;55
1761895429276;1761920640000;-25210724;furnace1;396;50
1761895431223;1761920641000;-25209777;furnace1;405;55
1761895431222;1761920641000;-25209778;furnace1;401;50
1761895431223;1761920640000;-25208777;furnace1;397;54
1761895431224;1761920641000;-25209776;furnace1;402;54
1761895431223;1761920640000;-25208777;furnace1;400;55
1761895431252;1761920643000;-25211748;furnace1;406;50
1761895431309;1761920643000;-25211691;furnace1;407;54
1761895432117;1761920643000;-25210883;furnace1;410;55
1761895433737;1761920646000;-25212263;furnace1;411;50
1761895433892;1761920646000;-25212108;furnace1;412;54
1761895434271;1761920646000;-25211729;furnace1;415;55
1761895435314;1761920648000;-25212686;furnace1;416;50
1761895435480;1761920648000;-25212520;furnace1;417;54
1761895435751;1761920648000;-25212249;furnace1;420;55
1761895437621;1761920649000;-25211379;furnace1;421;50
1761895438779;1761920649000;-25210221;furnace1;422;54
1761895438779;1761920651000;-25212221;furnace1;427;54
1761895438779;1761920649000;-25210221;furnace1;425;55
1761895438778;1761920651000;-25212222;furnace1;426;50
1761895438924;1761920651000;-25212076;furnace1;430;55
1761895439769;1761920652000;-25212231;furnace1;431;50
1761895439855;1761920652000;-25212145;furnace1;432;54
1761895441675;1761920654000;-25212325;furnace1;436;50
1761895441692;1761920654000;-25212308;furnace1;437;54
1761895441691;1761920652000;-25210309;furnace1;435;55
1761895441960;1761920654000;-25212040;furnace1;440;55
1761895442768;1761920655000;-25212232;furnace1;441;50
1761895442873;1761920655000;-25212127;furnace1;442;54
1761895443284;1761920655000;-25211716;furnace1;445;55
1761895446003;1761920657000;-25210997;furnace1;446;50
1761895446003;1761920657000;-25210997;furnace1;447;54
1761895447115;1761920657000;-25209885;furnace1;450;55
1761895448086;1761920658000;-25209914;furnace1;451;50
1761895448088;1761920660000;-25211912;furnace1;456;50
1761895448088;1761920658000;-25209912;furnace1;452;54
1761895448107;1761920660000;-25211893;furnace1;457;54
1761895448107;1761920660000;-25211893;furnace1;460;55
1761895448107;1761920658000;-25209893;furnace1;455;55
1761895449439;1761920661000;-25211561;furnace1;461;50
1761895450728;1761920661000;-25210272;furnace1;462;54
1761895453979;1761920663000;-25209021;furnace1;466;50
1761895453993;1761920666000;-25212007;furnace1;476;50
1761895453992;1761920664000;-25210008;furnace1;471;50
1761895454012;1761920661000;-25206988;furnace1;465;55
1761895454012;1761920663000;-25208988;furnace1;467;54
1761895454013;1761920664000;-25209987;furnace1;472;54
1761895454027;1761920663000;-25208973;furnace1;470;55
1761895454026;1761920666000;-25211974;furnace1;477;54
1761895454314;1761920664000;-25209686;furnace1;475;55
1761895454315;1761920666000;-25211685;furnace1;480;55
1761895454937;1761920667000;-25212063;furnace1;481;50
1761895454997;1761920667000;-25212003;furnace1;482;54
1761895455936;1761920667000;-25211064;furnace1;485;55
1761895458312;1761920669000;-25210688;furnace1;487;54
1761895458312;1761920669000;-25210688;furnace1;486;50
1761895458725;1761920669000;-25210275;furnace1;490;55
1761895458725;1761920670000;-25211275;furnace1;491;50
1761895458725;1761920670000;-25211275;furnace1;492;54
1761895458726;1761920670000;-25211274;furnace1;495;55
1761895460989;1761920672000;-25211011;furnace1;497;54
1761895460988;1761920672000;-25211012;furnace1;496;50
1761895461868;1761920673000;-25211132;furnace1;501;50
1761895462100;1761920672000;-25209900;furnace1;500;55
1761895462100;1761920673000;-25210900;furnace1;502;54
1761895462100;1761920673000;-25210900;furnace1;505;55
1761895463546;1761920675000;-25211454;furnace1;506;52
1761895463862;1761920675000;-25211138;furnace1;507;56
1761895464098;1761920675000;-25210902;furnace1;510;55
1761895464653;1761920677000;-25212347;furnace1;511;50
1761895464774;1761920677000;-25212226;furnace1;512;54
1761895465181;1761920677000;-25211819;furnace1;515;55
1761895466198;1761920679000;-25212802;furnace1;516;50
1761895466267;1761920679000;-25212733;furnace1;517;54
1761895466759;1761920679000;-25212241;furnace1;520;55
1761895467830;1761920680000;-25212170;furnace1;522;54
1761895467829;1761920680000;-25212171;furnace1;521;50
1761895468272;1761920680000;-25211728;furnace1;525;55
1761895469261;1761920682000;-25212739;furnace1;526;50
1761895469302;1761920682000;-25212698;furnace1;527;54
1761895469705;1761920682000;-25212295;furnace1;530;55
1761895470799;1761920683000;-25212201;furnace1;531;50
1761895470821;1761920683000;-25212179;furnace1;532;54
1761895471225;1761920683000;-25211775;furnace1;535;55
1761895472244;1761920685000;-25212756;furnace1;536;50
1761895472325;1761920685000;-25212675;furnace1;537;54
1761895474279;1761920686000;-25211721;furnace1;541;50
1761895474280;1761920685000;-25210720;furnace1;540;55
1761895474280;1761920686000;-25211720;furnace1;542;54
1761895474281;1761920686000;-25211719;furnace1;545;55
1761895475303;1761920688000;-25212697;furnace1;546;50
1761895475335;1761920688000;-25212665;furnace1;547;54
1761895475740;1761920688000;-25212260;furnace1;550;55
1761895476855;1761920689000;-25212145;furnace1;552;54
1761895476843;1761920689000;-25212157;furnace1;551;50
1761895477271;1761920689000;-25211729;furnace1;555;55
1761895478272;1761920691000;-25212728;furnace1;556;50
1761895478376;1761920691000;-25212624;furnace1;557;54
1761895478784;1761920691000;-25212216;furnace1;560;55
1761895479809;1761920692000;-25212191;furnace1;561;50
1761895479878;1761920692000;-25212122;furnace1;562;54
1761895480285;1761920692000;-25211715;furnace1;565;55
1761895481348;1761920694000;-25212652;furnace1;566;50
1761895481398;1761920694000;-25212602;furnace1;567;54
1761895481801;1761920694000;-25212199;furnace1;570;55
1761895482777;1761920695000;-25212223;furnace1;571;50
1761895482900;1761920695000;-25212100;furnace1;572;54
1761895483304;1761920695000;-25211696;furnace1;575;55
1761895484323;1761920697000;-25212677;furnace1;576;50
1761895484421;1761920697000;-25212579;furnace1;577;54
1761895484827;1761920697000;-25212173;furnace1;580;55
1761895485849;1761920698000;-25212151;furnace1;581;50
1761895485938;1761920698000;-25212062;furnace1;582;54
1761895486391;1761920698000;-25211609;furnace1;585;55
1761895487386;1761920700000;-25212614;furnace1;586;50
1761895487443;1761920700000;-25212557;furnace1;587;54
1761895487846;1761920700000;-25212154;furnace1;590;55
1761895488837;1761920701000;-25212163;furnace1;591;50
1761895488967;1761920701000;-25212033;furnace1;592;54
1761895489366;1761920701000;-25211634;furnace1;595;55
1761895490353;1761920703000;-25212647;furnace1;596;50
1761895490480;1761920703000;-25212520;furnace1;597;54
1761895490871;1761920703000;-25212129;furnace1;600;55
1761895491899;1761920704000;-25212101;furnace1;601;50
1761895491985;1761920704000;-25212015;furnace1;602;54
1761895492386;1761920704000;-25211614;furnace1;605;55
1761895493427;1761920706000;-25212573;furnace1;606;50
1761895493539;1761920706000;-25212461;furnace1;607;54
1761895495604;1761920707000;-25211396;furnace1;611;50
1761895495605;1761920707000;-25211395;furnace1;612;54
1761895495605;1761920706000;-25210395;furnace1;610;55
1761895495605;1761920707000;-25211395;furnace1;615;55
1761895503156;1761920716000;-25212844;furnace1;616;50
1761895503255;1761920716000;-25212745;furnace1;617;54
1761895503655;1761920716000;-25212345;furnace1;620;55
1761895504691;1761920717000;-25212309;furnace1;621;50
1761895504777;1761920717000;-25212223;furnace1;622;54
1761895505174;1761920717000;-25211826;furnace1;625;55
1761895506226;1761920719000;-25212774;furnace1;626;50
1761895506294;1761920719000;-25212706;furnace1;627;54
1761895506696;1761920719000;-25212304;furnace1;630;55
1761895507763;1761920720000;-25212237;furnace1;631;50
1761895507800;1761920720000;-25212200;furnace1;632;54
1761895508204;1761920720000;-25211796;furnace1;635;55
1761895509220;1761920722000;-25212780;furnace1;636;50
1761895509278;1761920722000;-25212722;furnace1;637;54
1761895509756;1761920722000;-25212244;furnace1;640;55
1761895510757;1761920723000;-25212243;furnace1;641;50
1761895510802;1761920723000;-25212198;furnace1;642;54
1761895511189;1761920723000;-25211811;furnace1;645;55
1761895512268;1761920725000;-25212732;furnace1;646;50
1761895512395;1761920725000;-25212605;furnace1;647;54
1761895512707;1761920725000;-25212293;furnace1;650;55
1761895513827;1761920726000;-25212173;furnace1;652;54
1761895513823;1761920726000;-25212177;furnace1;651;50
1761895514323;1761920726000;-25211677;furnace1;655;55
1761895515348;1761920728000;-25212652;furnace1;656;50
1761895515350;1761920728000;-25212650;furnace1;657;54
1761895515743;1761920728000;-25212257;furnace1;660;55
1761895516774;1761920729000;-25212226;furnace1;661;50
1761895516848;1761920729000;-25212152;furnace1;662;54
1761895517292;1761920729000;-25211708;furnace1;665;55
1761895518314;1761920731000;-25212686;furnace1;666;50
1761895518378;1761920731000;-25212622;furnace1;667;54
1761895518768;1761920731000;-25212232;furnace1;670;55
1761895519851;1761920732000;-25212149;furnace1;671;50
1761895519910;1761920732000;-25212090;furnace1;672;54
1761895520286;1761920732000;-25211714;furnace1;675;55
1761895521289;1761920734000;-25212711;furnace1;676;50
1761895521396;1761920734000;-25212604;furnace1;677;54
1761895521804;1761920734000;-25212196;furnace1;680;55
1761895522828;1761920735000;-25212172;furnace1;681;50
1761895524280;1761920735000;-25210720;furnace1;682;54
1761895524282;1761920735000;-25210718;furnace1;685;55
1761895524558;1761920737000;-25212442;furnace1;687;54
1761895524558;1761920737000;-25212442;furnace1;686;50
1761895525483;1761920737000;-25211517;furnace1;690;55
1761895525853;1761920738000;-25212147;furnace1;691;50
1761895525971;1761920738000;-25212029;furnace1;692;54
1761895526974;1761920738000;-25211026;furnace1;695;55
1761895527432;1761920740000;-25212568;furnace1;696;50
1761895527572;1761920740000;-25212428;furnace1;697;54
1761895528146;1761920740000;-25211854;furnace1;700;55
1761895528966;1761920741000;-25212034;furnace1;701;50
1761895528988;1761920741000;-25212012;furnace1;702;54
1761895529438;1761920741000;-25211562;furnace1;705;55
1761895531178;1761920743000;-25211822;furnace1;706;50
1761895531218;1761920743000;-25211782;furnace1;707;54
1761895532186;1761920743000;-25210814;furnace1;710;55
1761895532759;1761920744000;-25211241;furnace1;711;50
1761895535045;1761920744000;-25208955;furnace1;712;54
1761895538817;1761920746000;-25207183;furnace1;716;50
1761895538818;1761920744000;-25205182;furnace1;715;55
1761895538818;1761920746000;-25207182;furnace1;717;54
1761895538819;1761920746000;-25207181;furnace1;720;55
1761895561936;1761920749000;-25187064;furnace1;726;50
1761895561936;1761920747000;-25185064;furnace1;721;50
1761895561939;1761920752000;-25190061;furnace1;736;50
1761895561938;1761920750000;-25188062;furnace1;731;50
1761895561939;1761920747000;-25185061;furnace1;722;54
1761895561939;1761920747000;-25185061;furnace1;725;55
1761895561939;1761920749000;-25187061;furnace1;730;55
1761895561939;1761920749000;-25187061;furnace1;727;54
1761895561940;1761920750000;-25188060;furnace1;732;54
1761895561944;1761920750000;-25188056;furnace1;735;55
1761895561945;1761920752000;-25190055;furnace1;737;54
1761895562252;1761920752000;-25189748;furnace1;740;55
1761895566439;1761920779000;-25212561;furnace1;746;50
1761895566542;1761920779000;-25212458;furnace1;747;54
1761895566942;1761920779000;-25212058;furnace1;750;55
1761895567972;1761920780000;-25212028;furnace1;751;50
1761895568103;1761920780000;-25211897;furnace1;752;54
1761895568858;1761920780000;-25211142;furnace1;755;52
1761895569509;1761920782000;-25212491;furnace1;756;50
1761895569603;1761920782000;-25212397;furnace1;757;54
1761895569964;1761920782000;-25212036;furnace1;760;55
1761895571045;1761920783000;-25211955;furnace1;761;50
1761895571068;1761920783000;-25211932;furnace1;762;54
1761895571470;1761920783000;-25211530;furnace1;765;55
1761895572484;1761920785000;-25212516;furnace1;766;50
1761895572572;1761920785000;-25212428;furnace1;767;54
1761895573093;1761920785000;-25211907;furnace1;770;55
1761895574027;1761920786000;-25211973;furnace1;771;50
1761895574095;1761920786000;-25211905;furnace1;772;54
1761895574491;1761920786000;-25211509;furnace1;775;52
1761895575653;1761920788000;-25212347;furnace1;777;54
1761895575652;1761920788000;-25212348;furnace1;776;50
1761895576007;1761920788000;-25211993;furnace1;780;55
1761895577086;1761920789000;-25211914;furnace1;781;50
1761895577121;1761920789000;-25211879;furnace1;782;54
1761895577524;1761920789000;-25211476;furnace1;785;55
1761895578518;1761920791000;-25212482;furnace1;786;50
1761895578643;1761920791000;-25212357;furnace1;787;54
1761895579044;1761920791000;-25211956;furnace1;790;55
1761895580056;1761920792000;-25211944;furnace1;791;50
1761895580153;1761920792000;-25211847;furnace1;792;54
1761895580552;1761920792000;-25211448;furnace1;795;55
1761895581592;1761920794000;-25212408;furnace1;796;50
1761895581651;1761920794000;-25212349;furnace1;797;54
1761895582053;1761920794000;-25211947;furnace1;800;55
1761895583035;1761920795000;-25211965;furnace1;801;50
1761895583158;1761920795000;-25211842;furnace1;802;54
1761895583560;1761920795000;-25211440;furnace1;805;55
1761895584536;1761920797000;-25212464;furnace1;806;50
1761895584662;1761920797000;-25212338;furnace1;807;54
1761895585063;1761920797000;-25211937;furnace1;810;55
1761895586203;1761920798000;-25211797;furnace1;811;50
1761895586265;1761920798000;-25211735;furnace1;812;54
1761895586582;1761920798000;-25211418;furnace1;815;55
1761895587727;1761920800000;-25212273;furnace1;816;50
1761895588091;1761920800000;-25211909;furnace1;817;54
1761895588235;1761920800000;-25211765;furnace1;820;55
1761895589173;1761920801000;-25211827;furnace1;821;50
1761895589406;1761920801000;-25211594;furnace1;822;54
1761895591223;1761920803000;-25211777;furnace1;826;50
1761895591224;1761920803000;-25211776;furnace1;827;54
1761895591237;1761920803000;-25211763;furnace1;830;55
1761895591222;1761920801000;-25209778;furnace1;825;55
1761895592137;1761920804000;-25211863;furnace1;831;50
1761895592257;1761920804000;-25211743;furnace1;832;54
1761895592663;1761920804000;-25211337;furnace1;835;55
1761895593680;1761920806000;-25212320;furnace1;836;50
1761895593779;1761920806000;-25212221;furnace1;837;54
1761895594180;1761920806000;-25211820;furnace1;840;55
1761895595155;1761920807000;-25211845;furnace1;841;50
1761895595281;1761920807000;-25211719;furnace1;842;54
1761895595688;1761920807000;-25211312;furnace1;845;55
1761895596747;1761920809000;-25212253;furnace1;846;50
1761895596789;1761920809000;-25212211;furnace1;847;54
1761895597198;1761920809000;-25211802;furnace1;850;55
1761895598179;1761920810000;-25211821;furnace1;851;50
1761895598315;1761920810000;-25211685;furnace1;852;54
1761895598701;1761920810000;-25211299;furnace1;855;55
1761895599714;1761920812000;-25212286;furnace1;856;50
1761895599812;1761920812000;-25212188;furnace1;857;54
1761895600214;1761920812000;-25211786;furnace1;860;55
1761895601208;1761920813000;-25211792;furnace1;861;50
1761895601333;1761920813000;-25211667;furnace1;862;54
1761895601735;1761920813000;-25211265;furnace1;865;55
1761895602790;1761920815000;-25212210;furnace1;866;50
1761895602841;1761920815000;-25212159;furnace1;867;54
1761895603255;1761920815000;-25211745;furnace1;870;55
1761895604230;1761920816000;-25211770;furnace1;871;50
1761895604359;1761920816000;-25211641;furnace1;872;54
1761895604768;1761920816000;-25211232;furnace1;875;55
1761895605751;1761920818000;-25212249;furnace1;876;50
1761895605879;1761920818000;-25212121;furnace1;877;54
1761895606420;1761920818000;-25211580;furnace1;880;55
1761895607294;1761920819000;-25211706;furnace1;881;50
1761895607398;1761920819000;-25211602;furnace1;882;54
1761895607820;1761920819000;-25211180;furnace1;885;55
1761895608830;1761920821000;-25212170;furnace1;886;50
1761895608915;1761920821000;-25212085;furnace1;887;54
1761895609315;1761920821000;-25211685;furnace1;890;55
1761895610366;1761920822000;-25211634;furnace1;891;50
1761895610418;1761920822000;-25211582;furnace1;892;54
1761895610819;1761920822000;-25211181;furnace1;895;55
1761895611901;1761920824000;-25212099;furnace1;896;50
1761895611937;1761920824000;-25212063;furnace1;897;54
1761895612343;1761920824000;-25211657;furnace1;900;55
1761895613334;1761920825000;-25211666;furnace1;901;50
1761895613457;1761920825000;-25211543;furnace1;902;54
1761895613858;1761920825000;-25211142;furnace1;905;55
1761895614872;1761920827000;-25212128;furnace1;906;50
1761895614962;1761920827000;-25212038;furnace1;907;54
1761895615365;1761920827000;-25211635;furnace1;910;55
1761895617131;1761920828000;-25210869;furnace1;911;50
1761895617132;1761920828000;-25210868;furnace1;912;54
1761895618464;1761920828000;-25209536;furnace1;915;55
1761895618463;1761920830000;-25211537;furnace1;917;54
1761895618464;1761920830000;-25211536;furnace1;916;50
1761895618465;1761920830000;-25211535;furnace1;920;55
1761895619479;1761920831000;-25211521;furnace1;921;50
1761895619511;1761920831000;-25211489;furnace1;922;54
1761895619913;1761920831000;-25211087;furnace1;925;55
1761895621016;1761920833000;-25211984;furnace1;926;50
1761895621030;1761920833000;-25211970;furnace1;927;54
1761895621431;1761920833000;-25211569;furnace1;930;55
1761895622449;1761920834000;-25211551;furnace1;931;50
1761895622537;1761920834000;-25211463;furnace1;932;54
1761895622938;1761920834000;-25211062;furnace1;935;55
1761895623997;1761920836000;-25212003;furnace1;936;50
1761895624056;1761920836000;-25211944;furnace1;937;54
1761895624458;1761920836000;-25211542;furnace1;940;55
1761895625465;1761920837000;-25211535;furnace1;941;50
1761895625596;1761920837000;-25211404;furnace1;942;54
1761895627365;1761920837000;-25209635;furnace1;945;55
1761895633665;1761920846000;-25212335;furnace1;946;50
1761895633771;1761920846000;-25212229;furnace1;947;54
1761895634176;1761920846000;-25211824;furnace1;950;55
1761895635249;1761920847000;-25211751;furnace1;951;50
1761895635295;1761920847000;-25211705;furnace1;952;54
1761895635697;1761920847000;-25211303;furnace1;955;55
1761895636683;1761920849000;-25212317;furnace1;956;50
1761895636788;1761920849000;-25212212;furnace1;957;54
1761895637195;1761920849000;-25211805;furnace1;960;55
1761895638220;1761920850000;-25211780;furnace1;961;50
1761895638301;1761920850000;-25211699;furnace1;962;54
1761895638707;1761920850000;-25211293;furnace1;965;55
1761895639663;1761920852000;-25212337;furnace1;966;52
1761895639790;1761920852000;-25212210;furnace1;967;56
1761895640193;1761920852000;-25211807;furnace1;970;55
1761895641291;1761920853000;-25211709;furnace1;971;50
1761895641347;1761920853000;-25211653;furnace1;972;54
1761895641748;1761920853000;-25211252;furnace1;975;55
1761895642826;1761920855000;-25212174;furnace1;976;50
1761895642851;1761920855000;-25212149;furnace1;977;54
1761895643253;1761920855000;-25211747;furnace1;980;55
1761895644373;1761920856000;-25211627;furnace1;981;50
1761895644397;1761920856000;-25211603;furnace1;982;54
1761895644781;1761920856000;-25211219;furnace1;985;55
1761895645797;1761920858000;-25212203;furnace1;986;50
1761895645897;1761920858000;-25212103;furnace1;987;54
1761895646295;1761920858000;-25211705;furnace1;990;55
1761895647332;1761920859000;-25211668;furnace1;991;50
1761895647412;1761920859000;-25211588;furnace1;992;54
1761895647812;1761920859000;-25211188;furnace1;995;55
1761895648788;1761920861000;-25212212;furnace1;996;50
1761895648915;1761920861000;-25212085;furnace1;997;54
1761895649414;1761920861000;-25211586;furnace1;1000;56
1761895650408;1761920862000;-25211592;furnace1;1001;51
1761895650428;1761920862000;-25211572;furnace1;1002;55
1761895650843;1761920862000;-25211157;furnace1;1005;56
1761895651840;1761920864000;-25212160;furnace1;1006;51
1761895651951;1761920864000;-25212049;furnace1;1007;55
1761895652361;1761920864000;-25211639;furnace1;1010;56
1761895653379;1761920865000;-25211621;furnace1;1011;51
1761895653457;1761920865000;-25211543;furnace1;1012;55
1761895653894;1761920865000;-25211106;furnace1;1015;56
1761895655632;1761920867000;-25211368;furnace1;1016;51
1761895655633;1761920867000;-25211367;furnace1;1017;55
1761895656960;1761920868000;-25211040;furnace1;1021;51
1761895656959;1761920867000;-25210041;furnace1;1020;56
1761895656961;1761920868000;-25211039;furnace1;1022;55
1761895656961;1761920868000;-25211039;furnace1;1025;56
1761895657880;1761920870000;-25212120;furnace1;1026;51
1761895657986;1761920870000;-25212014;furnace1;1027;55
1761895658394;1761920870000;-25211606;furnace1;1030;56
1761895659421;1761920871000;-25211579;furnace1;1031;51
1761895659493;1761920871000;-25211507;furnace1;1032;55
1761895659899;1761920871000;-25211101;furnace1;1035;56
1761895660953;1761920873000;-25212047;furnace1;1036;51
1761895661012;1761920873000;-25211988;furnace1;1037;55
1761895661407;1761920873000;-25211593;furnace1;1040;56
1761895662489;1761920874000;-25211511;furnace1;1041;51
1761895662515;1761920874000;-25211485;furnace1;1042;55
1761895662922;1761920874000;-25211078;furnace1;1045;56
1761895663925;1761920876000;-25212075;furnace1;1046;51
1761895664115;1761920876000;-25211885;furnace1;1047;55
1761895664436;1761920876000;-25211564;furnace1;1050;56
1761895665459;1761920877000;-25211541;furnace1;1051;51
1761895665532;1761920877000;-25211468;furnace1;1052;55
1761895665937;1761920877000;-25211063;furnace1;1055;56
1761895666995;1761920879000;-25212005;furnace1;1056;51
1761895667044;1761920879000;-25211956;furnace1;1057;55
1761895669366;1761920880000;-25210634;furnace1;1061;51
1761895669366;1761920879000;-25209634;furnace1;1060;56
1761895669366;1761920880000;-25210634;furnace1;1062;55
1761895669366;1761920880000;-25210634;furnace1;1065;56
1761895669970;1761920882000;-25212030;furnace1;1066;51
1761895670081;1761920882000;-25211919;furnace1;1067;55
1761895671911;1761920882000;-25210089;furnace1;1070;56
1761895671912;1761920883000;-25211088;furnace1;1071;51
1761895671911;1761920883000;-25211089;furnace1;1072;55
1761895671983;1761920883000;-25211017;furnace1;1075;56
1761895673035;1761920885000;-25211965;furnace1;1076;51
1761895673081;1761920885000;-25211919;furnace1;1077;55
1761895673499;1761920885000;-25211501;furnace1;1080;56
1761895674470;1761920886000;-25211530;furnace1;1081;51
1761895674619;1761920886000;-25211381;furnace1;1082;55
1761895674995;1761920886000;-25211005;furnace1;1085;56
1761895676017;1761920888000;-25211983;furnace1;1086;51
1761895676114;1761920888000;-25211886;furnace1;1087;55
1761895676541;1761920888000;-25211459;furnace1;1090;56
1761895678392;1761920889000;-25210608;furnace1;1092;55
1761895678391;1761920889000;-25210609;furnace1;1091;51
1761895679490;1761920889000;-25209510;furnace1;1095;56
1761895679489;1761920891000;-25211511;furnace1;1096;51
1761895679491;1761920891000;-25211509;furnace1;1097;55
1761895679530;1761920891000;-25211470;furnace1;1100;56
1761895680508;1761920892000;-25211492;furnace1;1101;51
1761895680835;1761920892000;-25211165;furnace1;1102;55
1761895681139;1761920892000;-25210861;furnace1;1105;56
1761895682196;1761920894000;-25211804;furnace1;1106;51
1761895682377;1761920894000;-25211623;furnace1;1107;55
1761895682552;1761920894000;-25211448;furnace1;1110;56
1761895684262;1761920895000;-25210738;furnace1;1111;51
1761895685530;1761920895000;-25209470;furnace1;1115;56
1761895685529;1761920895000;-25209471;furnace1;1112;55
1761895686825;1761920897000;-25210175;furnace1;1117;55
1761895686825;1761920897000;-25210175;furnace1;1116;51
1761895688409;1761920897000;-25208591;furnace1;1120;56
1761895688410;1761920898000;-25209590;furnace1;1121;51
1761895688819;1761920898000;-25209181;furnace1;1125;56
1761895688823;1761920900000;-25211177;furnace1;1127;55
1761895688820;1761920898000;-25209180;furnace1;1122;55
1761895688821;1761920900000;-25211179;furnace1;1126;51
1761895688824;1761920900000;-25211176;furnace1;1130;56
1761895689633;1761920901000;-25211367;furnace1;1131;51
1761895689774;1761920901000;-25211226;furnace1;1132;55
1761895690554;1761920901000;-25210446;furnace1;1135;56
1761895691170;1761920903000;-25211830;furnace1;1136;51
1761895691290;1761920903000;-25211710;furnace1;1137;55
1761895691794;1761920903000;-25211206;furnace1;1140;56
1761895693271;1761920904000;-25210729;furnace1;1141;51
1761895693271;1761920904000;-25210729;furnace1;1142;55
1761895693272;1761920904000;-25210728;furnace1;1145;56
1761895694863;1761920907000;-25212137;furnace1;1147;55
1761895694863;1761920907000;-25212137;furnace1;1146;51
1761895694865;1761920907000;-25212135;furnace1;1150;56
1761895696705;1761920908000;-25211295;furnace1;1151;51
1761895696707;1761920908000;-25211293;furnace1;1155;56
1761895696706;1761920908000;-25211294;furnace1;1152;55
1761895697321;1761920910000;-25212679;furnace1;1157;55
1761895697320;1761920910000;-25212680;furnace1;1156;51
1761895697775;1761920910000;-25212225;furnace1;1160;56
1761895698766;1761920911000;-25212234;furnace1;1161;51
1761895698769;1761920911000;-25212231;furnace1;1162;55
1761895699182;1761920911000;-25211818;furnace1;1165;56
1761895700171;1761920913000;-25212829;furnace1;1166;51
1761895700282;1761920913000;-25212718;furnace1;1167;55
1761895701919;1761920913000;-25211081;furnace1;1170;56
1761895701919;1761920914000;-25212081;furnace1;1171;51
1761895701919;1761920914000;-25212081;furnace1;1172;55
1761895702193;1761920914000;-25211807;furnace1;1175;56
1761895703354;1761920916000;-25212646;furnace1;1176;51
1761895703832;1761920916000;-25212168;furnace1;1177;55
1761895703832;1761920916000;-25212168;furnace1;1180;56
1761895704674;1761920917000;-25212326;furnace1;1181;51
1761895704801;1761920917000;-25212199;furnace1;1182;55
1761895705207;1761920917000;-25211793;furnace1;1185;56
1761895706184;1761920919000;-25212816;furnace1;1186;51
1761895706315;1761920919000;-25212685;furnace1;1187;55
1761895706717;1761920919000;-25212283;furnace1;1190;56
1761895707702;1761920920000;-25212298;furnace1;1191;51
1761895707883;1761920920000;-25212117;furnace1;1192;55
1761895708985;1761920920000;-25211015;furnace1;1195;56
1761895709312;1761920922000;-25212688;furnace1;1196;51
1761895709477;1761920922000;-25212523;furnace1;1197;55
1761895709811;1761920922000;-25212189;furnace1;1200;56
1761895710905;1761920923000;-25212095;furnace1;1201;51
1761895711055;1761920923000;-25211945;furnace1;1202;55
1761895711263;1761920923000;-25211737;furnace1;1205;56
1761895712237;1761920925000;-25212763;furnace1;1206;51
1761895712347;1761920925000;-25212653;furnace1;1207;55
1761895712755;1761920925000;-25212245;furnace1;1210;56
1761895713728;1761920926000;-25212272;furnace1;1211;51
1761895713859;1761920926000;-25212141;furnace1;1212;55
1761895714268;1761920926000;-25211732;furnace1;1215;56
1761895715254;1761920928000;-25212746;furnace1;1216;51
1761895715378;1761920928000;-25212622;furnace1;1217;55
1761895715781;1761920928000;-25212219;furnace1;1220;56
1761895716759;1761920929000;-25212241;furnace1;1221;51
1761895716887;1761920929000;-25212113;furnace1;1222;55
1761895717293;1761920929000;-25211707;furnace1;1225;56
1761895718265;1761920931000;-25212735;furnace1;1226;51
1761895718481;1761920931000;-25212519;furnace1;1227;55
1761895718798;1761920931000;-25212202;furnace1;1230;56
1761895719775;1761920932000;-25212225;furnace1;1231;51
1761895719903;1761920932000;-25212097;furnace1;1232;55
1761895720309;1761920932000;-25211691;furnace1;1235;56
1761895721283;1761920934000;-25212717;furnace1;1236;51
1761895721412;1761920934000;-25212588;furnace1;1237;55
1761895721818;1761920934000;-25212182;furnace1;1240;56
1761895722803;1761920936000;-25213197;furnace1;1241;51
1761895722999;1761920936000;-25213001;furnace1;1242;55
1761895723324;1761920936000;-25212676;furnace1;1245;56
1761895724301;1761920937000;-25212699;furnace1;1246;51
1761895724430;1761920937000;-25212570;furnace1;1247;55
1761895724838;1761920937000;-25212162;furnace1;1250;56
1761895725812;1761920939000;-25213188;furnace1;1251;51
1761895725940;1761920939000;-25213060;furnace1;1252;55
1761895726346;1761920939000;-25212654;furnace1;1255;56
1761895727319;1761920940000;-25212681;furnace1;1256;51
1761895727448;1761920940000;-25212552;furnace1;1257;55
1761895727865;1761920940000;-25212135;furnace1;1260;56
1761895728985;1761920942000;-25213015;furnace1;1261;51
1761895728986;1761920942000;-25213014;furnace1;1262;55
1761895729368;1761920942000;-25212632;furnace1;1265;56
1761895730343;1761920943000;-25212657;furnace1;1266;51
1761895730470;1761920943000;-25212530;furnace1;1267;55
1761895730878;1761920943000;-25212122;furnace1;1270;56
1761895731848;1761920945000;-25213152;furnace1;1271;51
1761895731981;1761920945000;-25213019;furnace1;1272;55
1761895735300;1761920946000;-25210700;furnace1;1276;51
1761895735301;1761920945000;-25209699;furnace1;1275;56
1761895735301;1761920948000;-25212699;furnace1;1282;55
1761895735301;1761920948000;-25212699;furnace1;1281;51
1761895735302;1761920946000;-25210698;furnace1;1280;56
1761895735301;1761920946000;-25210699;furnace1;1277;55
1761895735416;1761920948000;-25212584;furnace1;1285;56
1761895736373;1761920949000;-25212627;furnace1;1286;51
1761895736503;1761920949000;-25212497;furnace1;1287;55
1761895736908;1761920949000;-25212092;furnace1;1290;56
1761895738038;1761920951000;-25212962;furnace1;1291;51
1761895738105;1761920951000;-25212895;furnace1;1292;55
1761895738411;1761920951000;-25212589;furnace1;1295;56
1761895739384;1761920952000;-25212616;furnace1;1296;51
1761895739513;1761920952000;-25212487;furnace1;1297;55
1761895739953;1761920952000;-25212047;furnace1;1300;56
1761895741746;1761920954000;-25212254;furnace1;1301;51
1761895741747;1761920954000;-25212253;furnace1;1302;55
1761895742949;1761920955000;-25212051;furnace1;1307;55
1761895742951;1761920955000;-25212049;furnace1;1306;51
1761895742951;1761920954000;-25211049;furnace1;1305;56
1761895742951;1761920955000;-25212049;furnace1;1310;56
1761895743917;1761920957000;-25213083;furnace1;1311;51
1761895744048;1761920957000;-25212952;furnace1;1312;55
1761895744452;1761920957000;-25212548;furnace1;1315;56
1761895745425;1761920958000;-25212575;furnace1;1316;51
1761895745556;1761920958000;-25212444;furnace1;1317;55
1761895745960;1761920958000;-25212040;furnace1;1320;56
1761895747157;1761920960000;-25212843;furnace1;1321;51
1761895747284;1761920960000;-25212716;furnace1;1322;55
1761895747724;1761920960000;-25212276;furnace1;1325;56
1761895748666;1761920961000;-25212334;furnace1;1326;51
1761895748795;1761920961000;-25212205;furnace1;1327;55
1761895749202;1761920961000;-25211798;furnace1;1330;56
1761895750960;1761920963000;-25212040;furnace1;1331;51
1761895750961;1761920963000;-25212039;furnace1;1332;55
1761895752202;1761920963000;-25210798;furnace1;1335;56
1761895752203;1761920964000;-25211797;furnace1;1336;51
1761895752203;1761920964000;-25211797;furnace1;1337;55
1761895752229;1761920964000;-25211771;furnace1;1340;56
1761895753807;1761920966000;-25212193;furnace1;1342;55
1761895753807;1761920966000;-25212193;furnace1;1341;51
1761895753808;1761920966000;-25212192;furnace1;1345;56
1761895762746;1761920975000;-25212254;furnace1;1346;51
1761895762876;1761920975000;-25212124;furnace1;1347;55
1761895763281;1761920975000;-25211719;furnace1;1350;56
1761895764466;1761920977000;-25212534;furnace1;1351;51
1761895764594;1761920977000;-25212406;furnace1;1352;55
1761895765091;1761920977000;-25211909;furnace1;1355;56
1761895766015;1761920978000;-25211985;furnace1;1356;51
1761895766147;1761920978000;-25211853;furnace1;1357;55
1761895766520;1761920978000;-25211480;furnace1;1360;56
1761895767506;1761920980000;-25212494;furnace1;1361;51
1761895767634;1761920980000;-25212366;furnace1;1362;55
1761895768041;1761920980000;-25211959;furnace1;1365;56
1761895769016;1761920981000;-25211984;furnace1;1366;51
1761895769148;1761920981000;-25211852;furnace1;1367;55
1761895769555;1761920981000;-25211445;furnace1;1370;56
1761895770529;1761920983000;-25212471;furnace1;1371;51
1761895770657;1761920983000;-25212343;furnace1;1372;55
1761895771063;1761920983000;-25211937;furnace1;1375;56
1761895772038;1761920984000;-25211962;furnace1;1376;51
1761895772166;1761920984000;-25211834;furnace1;1377;55
1761895772586;1761920984000;-25211414;furnace1;1380;56
1761895774341;1761920986000;-25211659;furnace1;1382;55
1761895774340;1761920986000;-25211660;furnace1;1381;51
1761895775762;1761920987000;-25211238;furnace1;1387;55
1761895775762;1761920986000;-25210238;furnace1;1385;56
1761895775762;1761920987000;-25211238;furnace1;1390;56
1761895775762;1761920987000;-25211238;furnace1;1386;51
1761895776566;1761920989000;-25212434;furnace1;1391;51
1761895776695;1761920989000;-25212305;furnace1;1392;55
1761895777125;1761920989000;-25211875;furnace1;1395;56
1761895778227;1761920991000;-25212773;furnace1;1396;51
1761895778356;1761920991000;-25212644;furnace1;1397;55
1761895778765;1761920991000;-25212235;furnace1;1400;56
1761895779781;1761920992000;-25212219;furnace1;1401;51
1761895780479;1761920992000;-25211521;furnace1;1402;55
1761895781551;1761920994000;-25212449;furnace1;1407;57
1761895781551;1761920992000;-25210449;furnace1;1405;56
1761895781551;1761920994000;-25212449;furnace1;1406;53
1761895781684;1761920994000;-25212316;furnace1;1410;56
1761895782747;1761920995000;-25212253;furnace1;1411;51
1761895782870;1761920995000;-25212130;furnace1;1412;55
1761895783295;1761920995000;-25211705;furnace1;1415;56
1761895784359;1761920997000;-25212641;furnace1;1416;51
1761895784473;1761920997000;-25212527;furnace1;1417;55
1761895784842;1761920997000;-25212158;furnace1;1420;56
1761895785767;1761920998000;-25212233;furnace1;1421;51
1761895785893;1761920998000;-25212107;furnace1;1422;55
1761895789805;1761921000000;-25210195;furnace1;1426;51
1761895789806;1761921000000;-25210194;furnace1;1427;55
1761895789805;1761920998000;-25208195;furnace1;1425;56
1761895789806;1761921001000;-25211194;furnace1;1432;55
1761895789810;1761921001000;-25211190;furnace1;1431;51
1761895789813;1761921000000;-25210187;furnace1;1430;56
1761895790328;1761921001000;-25210672;furnace1;1435;56
1761895790413;1761921003000;-25212587;furnace1;1436;51
1761895790585;1761921003000;-25212415;furnace1;1437;55
1761895791048;1761921003000;-25211952;furnace1;1440;56
1761895794583;1761921004000;-25209417;furnace1;1441;51
1761895794583;1761921004000;-25209417;furnace1;1442;55
1761895794584;1761921004000;-25209416;furnace1;1445;56
1761895794584;1761921006000;-25211416;furnace1;1447;55
1761895794584;1761921006000;-25211416;furnace1;1446;51
1761895794584;1761921006000;-25211416;furnace1;1450;56
1761895795003;1761921007000;-25211997;furnace1;1451;51
1761895795836;1761921007000;-25211164;furnace1;1452;55
1761895797055;1761921007000;-25209945;furnace1;1455;56
1761895797056;1761921009000;-25211944;furnace1;1456;51
1761895797056;1761921009000;-25211944;furnace1;1457;55
1761895797056;1761921009000;-25211944;furnace1;1460;56
1761895797840;1761921010000;-25212160;furnace1;1461;51
1761895797985;1761921010000;-25212015;furnace1;1462;55
1761895799877;1761921012000;-25212123;furnace1;1466;51
1761895799877;1761921010000;-25210123;furnace1;1465;56
1761895799877;1761921012000;-25212123;furnace1;1467;55
1761895799878;1761921012000;-25212122;furnace1;1470;56
1761895800899;1761921013000;-25212101;furnace1;1471;51
1761895801073;1761921013000;-25211927;furnace1;1472;55
1761895801478;1761921013000;-25211522;furnace1;1475;56
1761895802363;1761921015000;-25212637;furnace1;1476;51
1761895802494;1761921015000;-25212506;furnace1;1477;55
1761895804338;1761921015000;-25210662;furnace1;1480;53
1761895804338;1761921016000;-25211662;furnace1;1481;51
1761895804339;1761921016000;-25211661;furnace1;1482;55
1761895804422;1761921016000;-25211578;furnace1;1485;56
1761895805369;1761921018000;-25212631;furnace1;1486;51
1761895805505;1761921018000;-25212495;furnace1;1487;55
1761895805966;1761921018000;-25212034;furnace1;1490;56
1761895807111;1761921019000;-25211889;furnace1;1491;51
1761895807193;1761921019000;-25211807;furnace1;1492;55
1761895808860;1761921019000;-25210140;furnace1;1495;56
1761895808860;1761921021000;-25212140;furnace1;1496;51
1761895808861;1761921021000;-25212139;furnace1;1497;55
1761895809716;1761921021000;-25211284;furnace1;1500;56
1761895809993;1761921022000;-25212007;furnace1;1501;51
1761895810124;1761921022000;-25211876;furnace1;1502;55
1761895810527;1761921022000;-25211473;furnace1;1505;56
1761895811458;1761921024000;-25212542;furnace1;1506;51
1761895811543;1761921024000;-25212457;furnace1;1507;55
1761895813679;1761921025000;-25211321;furnace1;1511;51
1761895813680;1761921025000;-25211320;furnace1;1512;55
1761895813680;1761921024000;-25210320;furnace1;1510;56
1761895813720;1761921025000;-25211280;furnace1;1515;56
1761895814704;1761921027000;-25212296;furnace1;1516;51
1761895814722;1761921027000;-25212278;furnace1;1517;55
1761895816200;1761921027000;-25210800;furnace1;1520;56
1761895816540;1761921028000;-25211460;furnace1;1521;51
1761895816541;1761921028000;-25211459;furnace1;1522;55
1761895817278;1761921028000;-25210722;furnace1;1525;56
1761895820108;1761921030000;-25209892;furnace1;1526;51
1761895820109;1761921030000;-25209891;furnace1;1527;55
1761895820901;1761921030000;-25209099;furnace1;1530;56
1761895820902;1761921033000;-25212098;furnace1;1536;51
1761895820903;1761921031000;-25210097;furnace1;1532;55
1761895820903;1761921031000;-25210097;furnace1;1535;56
1761895820902;1761921031000;-25210098;furnace1;1531;51
1761895820904;1761921033000;-25212096;furnace1;1537;55
1761895821145;1761921033000;-25211855;furnace1;1540;56
1761895822057;1761921034000;-25211943;furnace1;1541;51
1761895822129;1761921034000;-25211871;furnace1;1542;55
1761895822787;1761921034000;-25211213;furnace1;1545;56
1761895823513;1761921036000;-25212487;furnace1;1546;51
1761895823946;1761921036000;-25212054;furnace1;1547;55
1761895825882;1761921036000;-25210118;furnace1;1550;56
1761895825882;1761921038000;-25212118;furnace1;1551;51
1761895825882;1761921038000;-25212118;furnace1;1552;55
1761895828581;1761921038000;-25209419;furnace1;1555;53
1761895828592;1761921039000;-25210408;furnace1;1556;53
1761895829696;1761921039000;-25209304;furnace1;1557;57
1761895829696;1761921039000;-25209304;furnace1;1560;56
1761895829803;1761921042000;-25212197;furnace1;1561;51
1761895829809;1761921042000;-25212191;furnace1;1562;55
1761895830113;1761921042000;-25211887;furnace1;1565;56
1761895831855;1761921043000;-25211145;furnace1;1566;51
1761895831855;1761921043000;-25211145;furnace1;1567;55
1761895832060;1761921043000;-25210940;furnace1;1570;56
1761895832062;1761921045000;-25212938;furnace1;1571;51
1761895832525;1761921045000;-25212475;furnace1;1572;55
1761895832565;1761921045000;-25212435;furnace1;1575;56
1761895833765;1761921046000;-25212235;furnace1;1576;51
1761895835240;1761921046000;-25210760;furnace1;1577;55
1761895838156;1761921046000;-25207844;furnace1;1580;56
1761895838156;1761921048000;-25209844;furnace1;1581;51
1761895838157;1761921048000;-25209843;furnace1;1582;55
1761895838157;1761921048000;-25209843;furnace1;1585;56
1761895838157;1761921049000;-25210843;furnace1;1590;56
1761895838157;1761921049000;-25210843;furnace1;1586;51
1761895838157;1761921049000;-25210843;furnace1;1587;55
1761895838400;1761921051000;-25212600;furnace1;1591;51
1761895838401;1761921051000;-25212599;furnace1;1592;55
1761895838432;1761921051000;-25212568;furnace1;1595;56
1761895839411;1761921052000;-25212589;furnace1;1596;51
1761895839548;1761921052000;-25212452;furnace1;1597;55
1761895839976;1761921052000;-25212024;furnace1;1600;56
1761895841479;1761921054000;-25212521;furnace1;1601;51
1761895842957;1761921054000;-25211043;furnace1;1602;55
1761895842957;1761921055000;-25212043;furnace1;1607;55
1761895842958;1761921055000;-25212042;furnace1;1606;51
1761895842958;1761921054000;-25211042;furnace1;1605;56
1761895843210;1761921055000;-25211790;furnace1;1610;53
1761895844511;1761921057000;-25212489;furnace1;1611;51
1761895844781;1761921057000;-25212219;furnace1;1612;55
1761895844781;1761921057000;-25212219;furnace1;1615;56
1761895845434;1761921058000;-25212566;furnace1;1616;51
1761895845575;1761921058000;-25212425;furnace1;1617;55
1761895845984;1761921058000;-25212016;furnace1;1620;56
1761895846942;1761921060000;-25213058;furnace1;1621;51
1761895847070;1761921060000;-25212930;furnace1;1622;55
1761895847476;1761921060000;-25212524;furnace1;1625;56
1761895848453;1761921061000;-25212547;furnace1;1626;51
1761895848597;1761921061000;-25212403;furnace1;1627;55
1761895848989;1761921061000;-25212011;furnace1;1630;56
1761895850706;1761921063000;-25212294;furnace1;1632;55
1761895850707;1761921063000;-25212293;furnace1;1635;56
1761895850707;1761921063000;-25212293;furnace1;1631;51
1761895851487;1761921064000;-25212513;furnace1;1636;51
1761895851916;1761921064000;-25212084;furnace1;1637;55
1761895852150;1761921064000;-25211850;furnace1;1640;56
1761895852969;1761921066000;-25213031;furnace1;1641;51
1761895853095;1761921066000;-25212905;furnace1;1642;55
1761895853507;1761921066000;-25212493;furnace1;1645;56
1761895854482;1761921067000;-25212518;furnace1;1646;51
1761895854609;1761921067000;-25212391;furnace1;1647;55
1761895855027;1761921067000;-25211973;furnace1;1650;56
1761895855990;1761921069000;-25213010;furnace1;1651;51
1761895856116;1761921069000;-25212884;furnace1;1652;55
1761895856539;1761921069000;-25212461;furnace1;1655;56
1761895857516;1761921070000;-25212484;furnace1;1656;51
1761895857623;1761921070000;-25212377;furnace1;1657;55
1761895858027;1761921070000;-25211973;furnace1;1660;56
1761895859009;1761921072000;-25212991;furnace1;1661;51
1761895859129;1761921072000;-25212871;furnace1;1662;55
1761895859538;1761921072000;-25212462;furnace1;1665;56
1761895860510;1761921073000;-25212490;furnace1;1666;51
1761895860640;1761921073000;-25212360;furnace1;1667;55
1761895862283;1761921075000;-25212717;furnace1;1671;51
1761895862284;1761921073000;-25210716;furnace1;1670;56
1761895862284;1761921075000;-25212716;furnace1;1672;55
1761895862556;1761921075000;-25212444;furnace1;1675;56
1761895863535;1761921076000;-25212465;furnace1;1676;51
1761895863667;1761921076000;-25212333;furnace1;1677;55
1761895864067;1761921076000;-25211933;furnace1;1680;56
1761895865040;1761921078000;-25212960;furnace1;1681;51
1761895865175;1761921078000;-25212825;furnace1;1682;55
1761895865598;1761921078000;-25212402;furnace1;1685;56
1761895866546;1761921079000;-25212454;furnace1;1686;51
1761895866683;1761921079000;-25212317;furnace1;1687;55
1761895867083;1761921079000;-25211917;furnace1;1690;56
1761895868064;1761921081000;-25212936;furnace1;1691;51
1761895868195;1761921081000;-25212805;furnace1;1692;55
1761895868683;1761921081000;-25212317;furnace1;1695;56
1761895869928;1761921082000;-25212072;furnace1;1696;51
1761895869963;1761921082000;-25212037;furnace1;1697;55
1761895870330;1761921082000;-25211670;furnace1;1700;56
1761895871146;1761921084000;-25212854;furnace1;1701;51
1761895871383;1761921084000;-25212617;furnace1;1702;55
1761895871642;1761921084000;-25212358;furnace1;1705;56
1761895872616;1761921085000;-25212384;furnace1;1706;51
1761895872726;1761921085000;-25212274;furnace1;1707;55
1761895873149;1761921085000;-25211851;furnace1;1710;56
1761895874110;1761921087000;-25212890;furnace1;1711;51
1761895874292;1761921087000;-25212708;furnace1;1712;55
1761895874630;1761921087000;-25212370;furnace1;1715;56
1761895876306;1761921088000;-25211694;furnace1;1717;55
1761895876306;1761921088000;-25211694;furnace1;1716;51
1761895876307;1761921088000;-25211693;furnace1;1720;56
1761895877149;1761921090000;-25212851;furnace1;1721;51
1761895877254;1761921090000;-25212746;furnace1;1722;55
1761895878869;1761921091000;-25212131;furnace1;1726;51
1761895878870;1761921091000;-25212130;furnace1;1727;55
1761895878870;1761921090000;-25211130;furnace1;1725;56
1761895879199;1761921091000;-25211801;furnace1;1730;56
1761895880134;1761921093000;-25212866;furnace1;1731;51
1761895880262;1761921093000;-25212738;furnace1;1732;55
1761895880668;1761921093000;-25212332;furnace1;1735;56
1761895882449;1761921094000;-25211551;furnace1;1736;51
1761895883897;1761921094000;-25210103;furnace1;1737;55
1761895883899;1761921096000;-25212101;furnace1;1742;55
1761895883900;1761921096000;-25212100;furnace1;1741;51
1761895883900;1761921094000;-25210100;furnace1;1740;53
1761895885330;1761921097000;-25211670;furnace1;1746;51
1761895885330;1761921097000;-25211670;furnace1;1747;55
1761895885330;1761921096000;-25210670;furnace1;1745;56
1761895885356;1761921097000;-25211644;furnace1;1750;56
1761895892904;1761921106000;-25213096;furnace1;1751;51
1761895895220;1761921106000;-25210780;furnace1;1752;55
1761895895223;1761921106000;-25210777;furnace1;1755;56
1761895895311;1761921107000;-25211689;furnace1;1756;51
1761895965378;1761921178000;-25212622;furnace1;1796;53
1761895967399;1761921178000;-25210601;furnace1;1797;57
1761895967401;1761921178000;-25210599;furnace1;1800;56
1761895967727;1761921179000;-25211273;furnace1;1801;53
1761895968125;1761921179000;-25210875;furnace1;1802;57
1761896006163;1761921179000;-25172837;furnace1;1805;56
1761896006163;1761921181000;-25174837;furnace1;1807;57
1761896006163;1761921181000;-25174837;furnace1;1810;56
1761896006164;1761921182000;-25175836;furnace1;1815;56
1761896006164;1761921182000;-25175836;furnace1;1812;57
1761896006165;1761921181000;-25174835;furnace1;1806;53
1761896006167;1761921182000;-25175833;furnace1;1811;53
1761896006172;1761921184000;-25177828;furnace1;1816;53
1761896006181;1761921184000;-25177819;furnace1;1820;56
1761896006181;1761921185000;-25178819;furnace1;1822;57
1761896006192;1761921185000;-25178808;furnace1;1825;56
1761896006181;1761921184000;-25177819;furnace1;1817;57
1761896006575;1761921185000;-25178425;furnace1;1821;53
1761896006576;1761921187000;-25180424;furnace1;1827;57
1761896006576;1761921187000;-25180424;furnace1;1826;53
1761896006577;1761921189000;-25182423;furnace1;1831;53
1761896006577;1761921187000;-25180423;furnace1;1830;56
1761896006819;1761921189000;-25182181;furnace1;1832;57
1761896006820;1761921189000;-25182180;furnace1;1835;56
1761896006820;1761921190000;-25183180;furnace1;1840;56
1761896006820;1761921190000;-25183180;furnace1;1837;57
1761896006820;1761921192000;-25185180;furnace1;1842;57
1761896006821;1761921190000;-25183179;furnace1;1836;53
1761896006822;1761921192000;-25185178;furnace1;1841;53
1761896006825;1761921194000;-25187175;furnace1;1846;51
1761896006820;1761921192000;-25185180;furnace1;1845;56
1761896006826;1761921194000;-25187174;furnace1;1847;55
1761896006826;1761921194000;-25187174;furnace1;1850;56
1761896006826;1761921200000;-25193174;furnace1;1851;53
1761896006852;1761921200000;-25193148;furnace1;1852;57
1761896007480;1761921201000;-25193520;furnace1;1857;55
1761896007480;1761921200000;-25192520;furnace1;1855;56
1761896007480;1761921203000;-25195520;furnace1;1862;55
1761896007480;1761921201000;-25193520;furnace1;1860;56
1761896007480;1761921201000;-25193520;furnace1;1856;51
1761896007480;1761921204000;-25196520;furnace1;1867;55
1761896007480;1761921203000;-25195520;furnace1;1865;56
1761896007480;1761921203000;-25195520;furnace1;1861;51
1761896007486;1761921204000;-25196514;furnace1;1870;56
1761896007485;1761921204000;-25196515;furnace1;1866;51
1761896007497;1761921207000;-25199503;furnace1;1872;55
1761896007498;1761921207000;-25199502;furnace1;1871;51
1761896007498;1761921207000;-25199502;furnace1;1875;56
1761896007499;1761921209000;-25201501;furnace1;1880;56
1761896007500;1761921209000;-25201500;furnace1;1877;55
1761896007500;1761921210000;-25202500;furnace1;1882;55
1761896007854;1761921209000;-25201146;furnace1;1876;51
1761896007854;1761921210000;-25202146;furnace1;1885;56
1761896007855;1761921210000;-25202145;furnace1;1881;51
1761896007856;1761921212000;-25204144;furnace1;1886;51
1761896014863;1761921212000;-25197137;furnace1;1887;55
1761896015345;1761921212000;-25196655;furnace1;1890;56
1761896015773;1761921228000;-25212227;furnace1;1891;51
1761896015896;1761921228000;-25212104;furnace1;1892;55
1761896016301;1761921228000;-25211699;furnace1;1895;56
1761896017331;1761921229000;-25211669;furnace1;1896;51
1761896017396;1761921229000;-25211604;furnace1;1897;55
1761896017800;1761921229000;-25211200;furnace1;1900;56
1761896018775;1761921231000;-25212225;furnace1;1901;51
1761896018902;1761921231000;-25212098;furnace1;1902;55
1761896019311;1761921231000;-25211689;furnace1;1905;56
1761896020281;1761921232000;-25211719;furnace1;1906;51
1761896020411;1761921232000;-25211589;furnace1;1907;55
1761896020814;1761921232000;-25211186;furnace1;1910;56
1761896021788;1761921234000;-25212212;furnace1;1911;51
1761896021920;1761921234000;-25212080;furnace1;1912;55
1761896022322;1761921234000;-25211678;furnace1;1915;56
1761896023293;1761921235000;-25211707;furnace1;1916;51
1761896023420;1761921235000;-25211580;furnace1;1917;55
1761896023826;1761921235000;-25211174;furnace1;1920;56
1761896024806;1761921237000;-25212194;furnace1;1921;51
1761896024943;1761921237000;-25212057;furnace1;1922;55
1761896025367;1761921237000;-25211633;furnace1;1925;56
1761896026322;1761921239000;-25212678;furnace1;1926;51
1761896026440;1761921239000;-25212560;furnace1;1927;55
1761896026857;1761921239000;-25212143;furnace1;1930;56
1761896027834;1761921240000;-25212166;furnace1;1931;51
1761896027998;1761921240000;-25212002;furnace1;1932;55
1761896028376;1761921240000;-25211624;furnace1;1935;56
1761896029357;1761921242000;-25212643;furnace1;1936;51
1761896029457;1761921242000;-25212543;furnace1;1937;55
1761896031350;1761921242000;-25210650;furnace1;1940;56
1761896031351;1761921243000;-25211649;furnace1;1942;55
1761896031351;1761921243000;-25211649;furnace1;1941;51
1761896031366;1761921243000;-25211634;furnace1;1945;56
1761896032350;1761921245000;-25212650;furnace1;1946;51
1761896032484;1761921245000;-25212516;furnace1;1947;55
1761896032881;1761921245000;-25212119;furnace1;1950;56
1761896033863;1761921246000;-25212137;furnace1;1951;51
1761896034005;1761921246000;-25211995;furnace1;1952;55
1761896034392;1761921246000;-25211608;furnace1;1955;56
1761896035357;1761921248000;-25212643;furnace1;1956;51
1761896035487;1761921248000;-25212513;furnace1;1957;55
1761896035905;1761921248000;-25212095;furnace1;1960;56
1761896036896;1761921249000;-25212104;furnace1;1961;51
1761896037037;1761921249000;-25211963;furnace1;1962;55
1761896037467;1761921249000;-25211533;furnace1;1965;53
1761896038393;1761921251000;-25212607;furnace1;1966;51
1761896038528;1761921251000;-25212472;furnace1;1967;55
1761896040287;1761921251000;-25210713;furnace1;1970;56
1761896040289;1761921252000;-25211711;furnace1;1972;55
1761896040290;1761921252000;-25211710;furnace1;1971;51
1761896040450;1761921252000;-25211550;furnace1;1975;56
1761896041422;1761921254000;-25212578;furnace1;1976;51
1761896041555;1761921254000;-25212445;furnace1;1977;55
1761896041934;1761921254000;-25212066;furnace1;1980;56
1761896042911;1761921255000;-25212089;furnace1;1981;51
1761896043031;1761921255000;-25211969;furnace1;1982;55
1761896043438;1761921255000;-25211562;furnace1;1985;56
1761896044415;1761921257000;-25212585;furnace1;1986;51
1761896044544;1761921257000;-25212456;furnace1;1987;55
1761896044980;1761921257000;-25212020;furnace1;1990;56
1761896045930;1761921258000;-25212070;furnace1;1991;51
1761896046054;1761921258000;-25211946;furnace1;1992;55
1761896047832;1761921258000;-25210168;furnace1;1995;56
1761896047833;1761921260000;-25212167;furnace1;1996;51
1761896047833;1761921260000;-25212167;furnace1;1997;55
1761896047963;1761921260000;-25212037;furnace1;2000;56
1761896048952;1761921261000;-25212048;furnace1;2001;51
1761896049078;1761921261000;-25211922;furnace1;2002;55
1761896049486;1761921261000;-25211514;furnace1;2005;56
1761896050483;1761921263000;-25212517;furnace1;2006;51
1761896050597;1761921263000;-25212403;furnace1;2007;55
1761896051202;1761921263000;-25211798;furnace1;2010;56
1761896052202;1761921264000;-25211798;furnace1;2011;51
1761896052344;1761921264000;-25211656;furnace1;2012;55
1761896052844;1761921264000;-25211156;furnace1;2015;56
1761896053898;1761921266000;-25212102;furnace1;2016;51
1761896053899;1761921266000;-25212101;furnace1;2017;55
1761896054969;1761921266000;-25211031;furnace1;2020;56
1761896055748;1761921267000;-25211252;furnace1;2021;51
1761896055748;1761921267000;-25211252;furnace1;2022;55
1761896058384;1761921267000;-25208616;furnace1;2025;56
1761896058386;1761921269000;-25210614;furnace1;2026;51
1761896058386;1761921269000;-25210614;furnace1;2027;55
1761896058386;1761921269000;-25210614;furnace1;2030;56
1761896060508;1761921271000;-25210492;furnace1;2031;51
1761896060509;1761921271000;-25210491;furnace1;2032;55
1761896063299;1761921271000;-25207701;furnace1;2035;56
1761896071826;1761921272000;-25200174;furnace1;2040;56
1761896071826;1761921272000;-25200174;furnace1;2037;55
1761896071826;1761921274000;-25202174;furnace1;2042;55
1761896071827;1761921274000;-25202173;furnace1;2041;51
1761896071827;1761921272000;-25200173;furnace1;2036;51
1761896072753;1761921274000;-25201247;furnace1;2045;53
1761896072753;1761921275000;-25202247;furnace1;2047;55
1761896072753;1761921275000;-25202247;furnace1;2050;56
1761896072754;1761921275000;-25202246;furnace1;2046;51
1761896072754;1761921284000;-25211246;furnace1;2051;51
1761896072754;1761921284000;-25211246;furnace1;2052;55
1761896072754;1761921284000;-25211246;furnace1;2055;53
1761896079689;1761921286000;-25206311;furnace1;2056;53
1761896079690;1761921286000;-25206310;furnace1;2057;57
1761896079692;1761921287000;-25207308;furnace1;2061;51
1761896079691;1761921286000;-25206309;furnace1;2060;56
1761896079692;1761921287000;-25207308;furnace1;2062;55
1761896079692;1761921287000;-25207308;furnace1;2065;56
1761896080180;1761921289000;-25208820;furnace1;2070;56
1761896080180;1761921289000;-25208820;furnace1;2067;55
1761896080180;1761921289000;-25208820;furnace1;2066;51
1761896080180;1761921290000;-25209820;furnace1;2071;51
1761896080180;1761921290000;-25209820;furnace1;2072;55
1761896083326;1761921290000;-25206674;furnace1;2075;56
1761896083326;1761921292000;-25208674;furnace1;2077;55
1761896083326;1761921292000;-25208674;furnace1;2076;51
1761896084446;1761921295000;-25210554;furnace1;2090;56
1761896084446;1761921293000;-25208554;furnace1;2082;55
1761896084446;1761921293000;-25208554;furnace1;2085;56
1761896084446;1761921292000;-25207554;furnace1;2080;56
1761896084446;1761921295000;-25210554;furnace1;2087;55
1761896084446;1761921295000;-25210554;furnace1;2086;51
1761896084446;1761921293000;-25208554;furnace1;2081;51
1761896084773;1761921296000;-25211227;furnace1;2092;55
1761896084772;1761921296000;-25211228;furnace1;2091;51
1761896084774;1761921296000;-25211226;furnace1;2095;56
1761896089852;1761921298000;-25208148;furnace1;2096;51
1761896089853;1761921298000;-25208147;furnace1;2097;55
1761896089854;1761921298000;-25208146;furnace1;2100;56
1761896094877;1761921307000;-25212123;furnace1;2101;51
1761896094911;1761921307000;-25212089;furnace1;2102;55
1761896095358;1761921307000;-25211642;furnace1;2105;56
1761896096395;1761921309000;-25212605;furnace1;2106;51
1761896096506;1761921309000;-25212494;furnace1;2107;55
1761896097181;1761921309000;-25211819;furnace1;2110;56
1761896097927;1761921310000;-25212073;furnace1;2111;51
1761896098054;1761921310000;-25211946;furnace1;2112;55
1761896098450;1761921310000;-25211550;furnace1;2115;56
1761896099347;1761921312000;-25212653;furnace1;2116;51
1761896099518;1761921312000;-25212482;furnace1;2117;55
1761896101596;1761921312000;-25210404;furnace1;2120;56
1761896101596;1761921313000;-25211404;furnace1;2122;55
1761896101605;1761921313000;-25211395;furnace1;2125;56
1761896101606;1761921313000;-25211394;furnace1;2121;51
1761896102845;1761921315000;-25212155;furnace1;2126;51
1761896102914;1761921315000;-25212086;furnace1;2127;55
1761896103183;1761921315000;-25211817;furnace1;2130;56
1761896104000;1761921316000;-25212000;furnace1;2131;51
1761896104067;1761921316000;-25211933;furnace1;2132;55
1761896105870;1761921316000;-25210130;furnace1;2135;56
1761896105875;1761921318000;-25212125;furnace1;2137;55
1761896105876;1761921318000;-25212124;furnace1;2136;51
1761896106046;1761921318000;-25211954;furnace1;2140;56
1761896107358;1761921319000;-25211642;furnace1;2141;51
1761896107385;1761921319000;-25211615;furnace1;2142;55
1761896107833;1761921319000;-25211167;furnace1;2145;56
1761896109266;1761921321000;-25211734;furnace1;2146;51
1761896109268;1761921321000;-25211732;furnace1;2147;55
1761896109284;1761921321000;-25211716;furnace1;2150;56
1761896110024;1761921322000;-25211976;furnace1;2151;51
1761896110681;1761921322000;-25211319;furnace1;2152;55
1761896111316;1761921322000;-25210684;furnace1;2155;56
1761896113604;1761921324000;-25210396;furnace1;2160;56
1761896113603;1761921324000;-25210397;furnace1;2157;55
1761896113604;1761921325000;-25211396;furnace1;2162;55
1761896113605;1761921324000;-25210395;furnace1;2156;51
1761896113605;1761921325000;-25211395;furnace1;2161;51
1761896113606;1761921325000;-25211394;furnace1;2165;56
1761896114443;1761921327000;-25212557;furnace1;2166;51
1761896114630;1761921327000;-25212370;furnace1;2167;55
1761896114961;1761921327000;-25212039;furnace1;2170;56
1761896115984;1761921328000;-25212016;furnace1;2171;51
1761896116100;1761921328000;-25211900;furnace1;2172;55
1761896116628;1761921328000;-25211372;furnace1;2175;56
1761896118076;1761921330000;-25211924;furnace1;2176;51
1761896118082;1761921330000;-25211918;furnace1;2177;55
1761896118826;1761921330000;-25211174;furnace1;2180;56
1761896119090;1761921331000;-25211910;furnace1;2181;51
1761896119097;1761921331000;-25211903;furnace1;2182;55
1761896119504;1761921331000;-25211496;furnace1;2185;56
1761896120470;1761921333000;-25212530;furnace1;2186;51
1761896120580;1761921333000;-25212420;furnace1;2187;55
1761896121006;1761921333000;-25211994;furnace1;2190;56
1761896123070;1761921334000;-25210930;furnace1;2191;53
1761896123199;1761921334000;-25210801;furnace1;2192;57
1761896123622;1761921334000;-25210378;furnace1;2195;56
1761896124223;1761921337000;-25212777;furnace1;2196;51
1761896124360;1761921337000;-25212640;furnace1;2197;55
1761896124762;1761921337000;-25212238;furnace1;2200;56
1761896125711;1761921338000;-25212289;furnace1;2201;51
1761896125856;1761921338000;-25212144;furnace1;2202;55
1761896126707;1761921338000;-25211293;furnace1;2205;56
1761896127254;1761921340000;-25212746;furnace1;2206;51
1761896127363;1761921340000;-25212637;furnace1;2207;55
1761896127744;1761921340000;-25212256;furnace1;2210;56
1761896128723;1761921341000;-25212277;furnace1;2211;51
1761896128847;1761921341000;-25212153;furnace1;2212;55
1761896129240;1761921341000;-25211760;furnace1;2215;56
1761896130213;1761921343000;-25212787;furnace1;2216;51
1761896130345;1761921343000;-25212655;furnace1;2217;55
1761896130757;1761921343000;-25212243;furnace1;2220;56
1761896131748;1761921344000;-25212252;furnace1;2221;51
1761896132517;1761921344000;-25211483;furnace1;2222;55
1761896132517;1761921344000;-25211483;furnace1;2225;56
1761896133239;1761921346000;-25212761;furnace1;2226;51
1761896133368;1761921346000;-25212632;furnace1;2227;55
1761896133778;1761921346000;-25212222;furnace1;2230;56
1761896134757;1761921347000;-25212243;furnace1;2231;51
1761896134883;1761921347000;-25212117;furnace1;2232;55
1761896135328;1761921347000;-25211672;furnace1;2235;56
1761896136267;1761921349000;-25212733;furnace1;2236;51
1761896136395;1761921349000;-25212605;furnace1;2237;55
1761896136805;1761921349000;-25212195;furnace1;2240;56
1761896137774;1761921350000;-25212226;furnace1;2241;51
1761896137901;1761921350000;-25212099;furnace1;2242;55
1761896138306;1761921350000;-25211694;furnace1;2245;56
1761896139358;1761921352000;-25212642;furnace1;2246;51
1761896139443;1761921352000;-25212557;furnace1;2247;55
1761896141193;1761921352000;-25210807;furnace1;2250;56
1761896142662;1761921355000;-25212338;furnace1;2257;55
1761896142662;1761921353000;-25210338;furnace1;2252;55
1761896142662;1761921353000;-25210338;furnace1;2255;56
1761896142662;1761921353000;-25210338;furnace1;2251;51
1761896142663;1761921355000;-25212337;furnace1;2256;51
1761896142829;1761921355000;-25212171;furnace1;2260;56
1761896143808;1761921356000;-25212192;furnace1;2261;51
1761896143941;1761921356000;-25212059;furnace1;2262;55
1761896145737;1761921356000;-25210263;furnace1;2265;56
1761896145737;1761921358000;-25212263;furnace1;2267;55
1761896145737;1761921358000;-25212263;furnace1;2266;51
1761896145853;1761921358000;-25212147;furnace1;2270;56
1761896146876;1761921359000;-25212124;furnace1;2271;51
1761896147020;1761921359000;-25211980;furnace1;2272;55
1761896147386;1761921359000;-25211614;furnace1;2275;56
1761896148374;1761921361000;-25212626;furnace1;2276;51
1761896148524;1761921361000;-25212476;furnace1;2277;55
1761896148900;1761921361000;-25212100;furnace1;2280;56
1761896149860;1761921362000;-25212140;furnace1;2281;51
1761896149997;1761921362000;-25212003;furnace1;2282;55
1761896150376;1761921362000;-25211624;furnace1;2285;56
1761896151389;1761921364000;-25212611;furnace1;2286;51
1761896151490;1761921364000;-25212510;furnace1;2287;55
1761896151933;1761921364000;-25212067;furnace1;2290;56
1761896152853;1761921365000;-25212147;furnace1;2291;51
1761896152981;1761921365000;-25212019;furnace1;2292;55
1761896153384;1761921365000;-25211616;furnace1;2295;56
1761896155614;1761921368000;-25212386;furnace1;2296;51
1761896155764;1761921368000;-25212236;furnace1;2297;55
1761896157038;1761921368000;-25210962;furnace1;2300;56
1761896157118;1761921370000;-25212882;furnace1;2301;51
1761896157244;1761921370000;-25212756;furnace1;2302;55
1761896157650;1761921370000;-25212350;furnace1;2305;56
1761896210634;25244000;1761870966634;furnace1;1;43
1761896210728;25244000;1761870966728;furnace1;2;47
1761896211109;25244000;1761870967109;furnace1;5;48
1761896212088;1761921425000;-25212912;furnace1;6;48
1761896212221;1761921425000;-25212779;furnace1;7;52
1761896212626;1761921425000;-25212374;furnace1;10;54
1761896213604;1761921426000;-25212396;furnace1;11;49
1761896213718;1761921426000;-25212282;furnace1;12;53
1761896214126;1761921426000;-25211874;furnace1;15;54
1761896215108;1761921428000;-25212892;furnace1;16;49
1761896215231;1761921428000;-25212769;furnace1;17;53
1761896215655;1761921428000;-25212345;furnace1;20;54
1761896216623;1761921429000;-25212377;furnace1;21;49
1761896216749;1761921429000;-25212251;furnace1;22;53
1761896217145;1761921429000;-25211855;furnace1;25;54
1761896218133;1761921431000;-25212867;furnace1;26;49
1761896218262;1761921431000;-25212738;furnace1;27;53
1761896218658;1761921431000;-25212342;furnace1;30;54
1761896219658;1761921432000;-25212342;furnace1;31;49
1761896219781;1761921432000;-25212219;furnace1;32;53
1761896220176;1761921432000;-25211824;furnace1;35;54
1761896221165;1761921434000;-25212835;furnace1;36;49
1761896221292;1761921434000;-25212708;furnace1;37;53
1761896221703;1761921434000;-25212297;furnace1;40;54
1761896222685;1761921435000;-25212315;furnace1;41;49
1761896222829;1761921435000;-25212171;furnace1;42;53
1761896223222;1761921435000;-25211778;furnace1;45;54
1761896224239;1761921437000;-25212761;furnace1;46;49
1761896224398;1761921437000;-25212602;furnace1;47;53
1761896224715;1761921437000;-25212285;furnace1;50;54
1761896225708;1761921438000;-25212292;furnace1;51;49
1761896225835;1761921438000;-25212165;furnace1;52;53
1761896226237;1761921438000;-25211763;furnace1;55;54
1761896227243;1761921440000;-25212757;furnace1;56;49
1761896229081;1761921440000;-25210919;furnace1;57;53
1761896232041;1761921440000;-25207959;furnace1;60;54
1761896232041;1761921442000;-25209959;furnace1;62;53
1761896232041;1761921442000;-25209959;furnace1;65;54
1761896232042;1761921443000;-25210958;furnace1;70;54
1761896232041;1761921443000;-25210959;furnace1;67;53
1761896232042;1761921445000;-25212958;furnace1;72;53
1761896232042;1761921442000;-25209958;furnace1;61;49
1761896232042;1761921443000;-25210958;furnace1;66;49
1761896232269;1761921445000;-25212731;furnace1;71;49
1761896232390;1761921445000;-25212610;furnace1;75;54
1761896233290;1761921446000;-25212710;furnace1;76;49
1761896233419;1761921446000;-25212581;furnace1;77;53
1761896233956;1761921446000;-25212044;furnace1;80;54
1761896234806;1761921448000;-25213194;furnace1;81;49
1761896234931;1761921448000;-25213069;furnace1;82;53
1761896235373;1761921448000;-25212627;furnace1;85;54
1761896236349;1761921449000;-25212651;furnace1;86;49
1761896236514;1761921449000;-25212486;furnace1;87;53
1761896236891;1761921449000;-25212109;furnace1;90;54
1761896237831;1761921451000;-25213169;furnace1;91;49
1761896237959;1761921451000;-25213041;furnace1;92;53
1761896238357;1761921451000;-25212643;furnace1;95;54
1761896239383;1761921452000;-25212617;furnace1;96;49
1761896239554;1761921452000;-25212446;furnace1;97;53
1761896239925;1761921452000;-25212075;furnace1;100;55
1761896240862;1761921454000;-25213138;furnace1;101;50
1761896241007;1761921454000;-25212993;furnace1;102;54
1761896241388;1761921454000;-25212612;furnace1;105;55
1761896242385;1761921455000;-25212615;furnace1;106;50
1761896242505;1761921455000;-25212495;furnace1;107;54
1761896242914;1761921455000;-25212086;furnace1;110;55
1761896243905;1761921457000;-25213095;furnace1;111;50
1761896244026;1761921457000;-25212974;furnace1;112;54
1761896244444;1761921457000;-25212556;furnace1;115;52
1761896245648;1761921458000;-25212352;furnace1;116;50
1761896245658;1761921458000;-25212342;furnace1;117;54
1761896251473;1761921460000;-25208527;furnace1;121;50
1761896251474;1761921460000;-25208526;furnace1;122;54
1761896251474;1761921458000;-25206526;furnace1;120;55
1761896251474;1761921460000;-25208526;furnace1;125;55
1761896252373;1761921461000;-25208627;furnace1;130;55
1761896252374;1761921463000;-25210626;furnace1;132;54
1761896252374;1761921463000;-25210626;furnace1;135;55
1761896252374;1761921461000;-25208626;furnace1;127;54
1761896252374;1761921461000;-25208626;furnace1;126;50
1761896252375;1761921463000;-25210625;furnace1;131;50
1761896252377;1761921464000;-25211623;furnace1;136;50
1761896252379;1761921464000;-25211621;furnace1;137;54
1761896255125;1761921464000;-25208875;furnace1;140;55
1761896255126;1761921466000;-25210874;furnace1;141;50
1761896255126;1761921466000;-25210874;furnace1;142;54
1761896255772;1761921466000;-25210228;furnace1;145;55
1761896255772;1761921467000;-25211228;furnace1;146;50
1761896255772;1761921467000;-25211228;furnace1;147;54
1761896255772;1761921467000;-25211228;furnace1;150;55
1761896256350;1761921469000;-25212650;furnace1;151;50
1761896258711;1761921469000;-25210289;furnace1;152;54
1761896260573;1761921470000;-25209427;furnace1;157;54
1761896260573;1761921470000;-25209427;furnace1;156;50
1761896260573;1761921469000;-25208427;furnace1;155;55
1761896266490;1761921470000;-25203510;furnace1;160;55
1761896266490;1761921472000;-25205510;furnace1;161;50
1761896266490;1761921472000;-25205510;furnace1;162;54
1761896267195;1761921472000;-25204805;furnace1;165;55
1761896267195;1761921473000;-25205805;furnace1;166;50
1761896267195;1761921473000;-25205805;furnace1;167;54
1761896267196;1761921473000;-25205804;furnace1;170;55
1761896267196;1761921475000;-25207804;furnace1;171;50
1761896267196;1761921475000;-25207804;furnace1;172;54
1761896267199;1761921476000;-25208801;furnace1;176;50
1761896267196;1761921475000;-25207804;furnace1;175;55
1761896267199;1761921476000;-25208801;furnace1;177;54
1761896267199;1761921476000;-25208801;furnace1;180;55
1761896267200;1761921478000;-25210800;furnace1;181;50
1761896267200;1761921478000;-25210800;furnace1;182;54
1761896267638;1761921478000;-25210362;furnace1;185;55
1761896267675;1761921479000;-25211325;furnace1;186;50
1761896267675;1761921479000;-25211325;furnace1;190;55
1761896267675;1761921479000;-25211325;furnace1;187;54
1761896268538;1761921481000;-25212462;furnace1;191;50
1761896268572;1761921481000;-25212428;furnace1;192;54
1761896270753;1761921481000;-25210247;furnace1;195;55
1761896275158;1761921482000;-25206842;furnace1;196;50
1761896275530;1761921482000;-25206470;furnace1;197;54
1761896275531;1761921484000;-25208469;furnace1;201;50
1761896275531;1761921484000;-25208469;furnace1;202;54
1761896275531;1761921482000;-25206469;furnace1;200;55
1761896275531;1761921484000;-25208469;furnace1;205;55
1761896282835;1761921494000;-25211165;furnace1;206;52
1761896282835;1761921494000;-25211165;furnace1;207;56
1761896283191;1761921494000;-25210809;furnace1;210;55
1761896283671;1761921496000;-25212329;furnace1;211;50
1761896283674;1761921496000;-25212326;furnace1;212;54
1761896285533;1761921496000;-25210467;furnace1;215;55
1761896285533;1761921498000;-25212467;furnace1;217;54
1761896285534;1761921498000;-25212466;furnace1;216;50
1761896287280;1761921499000;-25211720;furnace1;222;54
1761896287280;1761921498000;-25210720;furnace1;220;55
1761896287536;1761921499000;-25211464;furnace1;225;55
1761896287536;1761921499000;-25211464;furnace1;221;50
1761896289118;1761921501000;-25211882;furnace1;226;50
1761896289119;1761921501000;-25211881;furnace1;227;54
1761896289982;1761921501000;-25211018;furnace1;230;55
1761896289982;1761921502000;-25212018;furnace1;232;54
1761896289982;1761921502000;-25212018;furnace1;231;50
1761896289991;1761921502000;-25212009;furnace1;235;55
1761896291151;1761921504000;-25212849;furnace1;236;50
1761896291237;1761921504000;-25212763;furnace1;237;54
1761896291533;1761921504000;-25212467;furnace1;240;55
1761896292676;1761921505000;-25212324;furnace1;241;50
1761896292790;1761921505000;-25212210;furnace1;242;54
1761896293092;1761921505000;-25211908;furnace1;245;55
1761896294555;1761921507000;-25212445;furnace1;247;54
1761896294556;1761921507000;-25212444;furnace1;250;55
1761896294557;1761921507000;-25212443;furnace1;246;50
1761896295430;1761921508000;-25212570;furnace1;251;50
1761896295573;1761921508000;-25212427;furnace1;252;54
1761896296127;1761921508000;-25211873;furnace1;255;55
1761896297126;1761921510000;-25212874;furnace1;256;50
1761896297259;1761921510000;-25212741;furnace1;257;54
1761896297490;1761921510000;-25212510;furnace1;260;55
1761896298448;1761921511000;-25212552;furnace1;261;50
1761896298623;1761921511000;-25212377;furnace1;262;54
1761896299128;1761921511000;-25211872;furnace1;265;55
1761896300151;1761921513000;-25212849;furnace1;266;50
1761896300313;1761921513000;-25212687;furnace1;267;54
1761896301903;1761921514000;-25212097;furnace1;272;54
1761896301904;1761921513000;-25211096;furnace1;270;55
1761896301904;1761921514000;-25212096;furnace1;271;50
1761896302122;1761921514000;-25211878;furnace1;275;55
1761896303088;1761921516000;-25212912;furnace1;276;50
1761896303222;1761921516000;-25212778;furnace1;277;54
1761896305204;1761921516000;-25210796;furnace1;280;55
1761896305205;1761921517000;-25211795;furnace1;282;54
1761896305205;1761921517000;-25211795;furnace1;281;50
1761896305213;1761921517000;-25211787;furnace1;285;55
1761896306127;1761921519000;-25212873;furnace1;286;50
1761896306286;1761921519000;-25212714;furnace1;287;54
1761896307465;1761921519000;-25211535;furnace1;290;55
1761896307633;1761921520000;-25212367;furnace1;291;50
1761896307945;1761921520000;-25212055;furnace1;292;54
